{
  "total_reviews": {
    "before_preprocessing": 2224,
    "after_preprocessing": 2224
  },
  "unique_reviews": 2224,
  "avg_text_length": 159.03687050359713,
  "word_count_stats": {
    "min": 2,
    "max": 205,
    "avg": 36.25179856115108
  },
  "rating_distribution": {
    "5": 1000,
    "4": 397,
    "1": 388,
    "3": 258,
    "2": 181
  }
}