{
  "total_reviews": {
    "before_preprocessing": 20024,
    "after_preprocessing": 11110
  },
  "unique_reviews": 11110,
  "avg_text_length": 157.74131413141313,
  "word_count_stats": {
    "min": 2,
    "max": 200,
    "avg": 36.537263726372636
  },
  "rating_distribution": {
    "5": 5176,
    "4": 1851,
    "1": 1830,
    "3": 1425,
    "2": 828
  }
}