{
  "config": {
    "DATA_DIR": "/Users/hatrungkien/my-sentiment/data/raw/UIT-ViSFD",
    "TRAIN_CSV": "/Users/hatrungkien/my-sentiment/data/raw/UIT-ViSFD/Train.csv",
    "DEV_CSV": "/Users/hatrungkien/my-sentiment/data/raw/UIT-ViSFD/Dev.csv",
    "TEST_CSV": "/Users/hatrungkien/my-sentiment/data/raw/UIT-ViSFD/Test.csv",
    "vectorizer": "CountVectorizer",
    "ngram_range": [
      1,
      1
    ],
    "max_features": null,
    "rf_n_estimators": 300,
    "rf_max_depth": null,
    "rf_min_samples_split": 2,
    "rf_min_samples_leaf": 1,
    "rf_random_state": 42,
    "predict_mode": "default_predict_no_threshold_tuning"
  },
  "aspect": {
    "task": "Aspect Detection",
    "label_count": 11,
    "dev": {
      "macro_precision": 0.7833438093211068,
      "macro_recall": 0.6179509040048937,
      "macro_f1": 0.6556167168642295,
      "report": {
        "BATTERY": {
          "precision": 0.9633204633204633,
          "recall": 0.9900793650793651,
          "f1-score": 0.9765166340508806,
          "support": 504.0
        },
        "CAMERA": {
          "precision": 0.9148936170212766,
          "recall": 0.8716216216216216,
          "f1-score": 0.8927335640138409,
          "support": 296.0
        },
        "DESIGN": {
          "precision": 0.9560439560439561,
          "recall": 0.46524064171123,
          "f1-score": 0.6258992805755396,
          "support": 187.0
        },
        "FEATURES": {
          "precision": 0.9130434782608695,
          "recall": 0.8267716535433071,
          "f1-score": 0.8677685950413223,
          "support": 381.0
        },
        "GENERAL": {
          "precision": 0.7520091848450058,
          "recall": 0.9506531204644412,
          "f1-score": 0.8397435897435898,
          "support": 689.0
        },
        "OTHERS": {
          "precision": 0.5,
          "recall": 0.00398406374501992,
          "f1-score": 0.007905138339920948,
          "support": 251.0
        },
        "PERFORMANCE": {
          "precision": 0.8554621848739495,
          "recall": 0.8745704467353952,
          "f1-score": 0.864910790144435,
          "support": 582.0
        },
        "PRICE": {
          "precision": 0.896551724137931,
          "recall": 0.8253968253968254,
          "f1-score": 0.859504132231405,
          "support": 252.0
        },
        "SCREEN": {
          "precision": 0.9183673469387755,
          "recall": 0.371900826446281,
          "f1-score": 0.5294117647058824,
          "support": 121.0
        },
        "SER&ACC": {
          "precision": 0.9470899470899471,
          "recall": 0.6172413793103448,
          "f1-score": 0.7473903966597077,
          "support": 290.0
        },
        "STORAGE": {
          "precision": 0.0,
          "recall": 0.0,
          "f1-score": 0.0,
          "support": 14.0
        },
        "micro avg": {
          "precision": 0.8683049779458097,
          "recall": 0.7726380712082983,
          "f1-score": 0.8176828363744252,
          "support": 3567.0
        },
        "macro avg": {
          "precision": 0.7833438093211068,
          "recall": 0.6179509040048937,
          "f1-score": 0.6556167168642295,
          "support": 3567.0
        },
        "weighted avg": {
          "precision": 0.851189990810963,
          "recall": 0.7726380712082983,
          "f1-score": 0.7808856746542939,
          "support": 3567.0
        },
        "samples avg": {
          "precision": 0.833771197327852,
          "recall": 0.7506391315519013,
          "f1-score": 0.7713884536726264,
          "support": 3567.0
        }
      }
    },
    "test": {
      "macro_precision": 0.7804539568511332,
      "macro_recall": 0.6089855975084585,
      "macro_f1": 0.6494803081969042,
      "report": {
        "BATTERY": {
          "precision": 0.9509143407122232,
          "recall": 0.9743589743589743,
          "f1-score": 0.962493911349245,
          "support": 1014.0
        },
        "CAMERA": {
          "precision": 0.9386281588447654,
          "recall": 0.8843537414965986,
          "f1-score": 0.9106830122591943,
          "support": 588.0
        },
        "DESIGN": {
          "precision": 0.9647058823529412,
          "recall": 0.4120603015075377,
          "f1-score": 0.5774647887323944,
          "support": 398.0
        },
        "FEATURES": {
          "precision": 0.8806646525679759,
          "recall": 0.819971870604782,
          "f1-score": 0.8492352512745812,
          "support": 711.0
        },
        "GENERAL": {
          "precision": 0.7541176470588236,
          "recall": 0.9283128167994207,
          "f1-score": 0.8321973385264525,
          "support": 1381.0
        },
        "OTHERS": {
          "precision": 0.46153846153846156,
          "recall": 0.011695906432748537,
          "f1-score": 0.022813688212927757,
          "support": 513.0
        },
        "PERFORMANCE": {
          "precision": 0.8742665549036044,
          "recall": 0.8899317406143344,
          "f1-score": 0.8820295983086681,
          "support": 1172.0
        },
        "PRICE": {
          "precision": 0.8860510805500982,
          "recall": 0.7926186291739895,
          "f1-score": 0.8367346938775511,
          "support": 569.0
        },
        "SCREEN": {
          "precision": 0.9223300970873787,
          "recall": 0.35315985130111527,
          "f1-score": 0.510752688172043,
          "support": 269.0
        },
        "SER&ACC": {
          "precision": 0.9517766497461929,
          "recall": 0.6323777403035413,
          "f1-score": 0.7598784194528876,
          "support": 593.0
        },
        "STORAGE": {
          "precision": 0.0,
          "recall": 0.0,
          "f1-score": 0.0,
          "support": 27.0
        },
        "micro avg": {
          "precision": 0.8688860839381508,
          "recall": 0.7611610228058051,
          "f1-score": 0.8114639357548074,
          "support": 7235.0
        },
        "macro avg": {
          "precision": 0.7804539568511332,
          "recall": 0.6089855975084585,
          "f1-score": 0.6494803081969042,
          "support": 7235.0
        },
        "weighted avg": {
          "precision": 0.849449277952828,
          "recall": 0.7611610228058051,
          "f1-score": 0.7745537994933589,
          "support": 7235.0
        },
        "samples avg": {
          "precision": 0.8391033601690077,
          "recall": 0.743038783259107,
          "f1-score": 0.7671817333258034,
          "support": 7235.0
        }
      }
    },
    "labels": [
      "BATTERY",
      "CAMERA",
      "DESIGN",
      "FEATURES",
      "GENERAL",
      "OTHERS",
      "PERFORMANCE",
      "PRICE",
      "SCREEN",
      "SER&ACC",
      "STORAGE"
    ]
  },
  "sentiment": {
    "task": "Sentiment Detection (ASPECT#POLARITY)",
    "label_count": 30,
    "dev": {
      "macro_precision": 0.511050789560157,
      "macro_recall": 0.19319649952189152,
      "macro_f1": 0.24651902576052756,
      "report": {
        "BATTERY#Negative": {
          "precision": 0.881578947368421,
          "recall": 0.44666666666666666,
          "f1-score": 0.5929203539823009,
          "support": 150.0
        },
        "BATTERY#Neutral": {
          "precision": 0.0,
          "recall": 0.0,
          "f1-score": 0.0,
          "support": 51.0
        },
        "BATTERY#Positive": {
          "precision": 0.9292929292929293,
          "recall": 0.6072607260726073,
          "f1-score": 0.7345309381237525,
          "support": 303.0
        },
        "CAMERA#Negative": {
          "precision": 1.0,
          "recall": 0.13636363636363635,
          "f1-score": 0.24,
          "support": 88.0
        },
        "CAMERA#Neutral": {
          "precision": 0.0,
          "recall": 0.0,
          "f1-score": 0.0,
          "support": 36.0
        },
        "CAMERA#Positive": {
          "precision": 0.921875,
          "recall": 0.3430232558139535,
          "f1-score": 0.5,
          "support": 172.0
        },