{
  "ignore_aspects": [
    "GENERAL",
    "OTHERS"
  ],
  "aspect_extraction": {
    "tp": 4376,
    "fp": 979,
    "fn": 965,
    "precision": 0.8171802054154995,
    "recall": 0.8193222243025651,
    "f1": 0.818249813014211
  },
  "pair_level": {
    "tp": 3904,
    "fp": 1451,
    "fn": 1437,
    "precision": 0.7290382819794584,
    "recall": 0.7309492604381203,
    "f1": 0.7299925205684368
  }
}